Workbook

Sheet Sheet1
A1: 序号 | B1: 班级 | C1: 学号 | D1: 姓名 | E1: 课堂表现 | F1: 课后作业 | G1: 上机实验 | H1: 期末考试 | I1: 总评
A2: =[1]试卷成绩登记!A3 -> 1 | B2: =[1]试卷成绩登记!E3 -> 会241 | C2: =[1]试卷成绩登记!B3 -> 2024311354 | D2: =[1]试卷成绩登记!C3 -> 徐文姌 | E2: =[1]试卷成绩登记!R3 -> 10 | F2: =[1]试卷成绩登记!S3 -> 18 | G2: =[1]试卷成绩登记!T3 -> 26 | H2: =[1]试卷成绩登记!K3 -> 51 | I2: =INT(E2+G2+F2+H2*0.4) -> 74
A3: =[1]试卷成绩登记!A4 -> 2 | B3: =[1]试卷成绩登记!E4 -> 会241 | C3: =[1]试卷成绩登记!B4 -> 2024311371 | D3: =[1]试卷成绩登记!C4 -> 杨鑫竹 | E3: =[1]试卷成绩登记!R4 -> 10 | F3: =[1]试卷成绩登记!S4 -> 17 | G3: =[1]试卷成绩登记!T4 -> 28 | H3: =[1]试卷成绩登记!K4 -> 66 | I3: =INT(E3+G3+F3+H3*0.4) -> 81
A4: =[1]试卷成绩登记!A5 -> 3 | B4: =[1]试卷成绩登记!E5 -> 会241 | C4: =[1]试卷成绩登记!B5 -> 2024311439 | D4: =[1]试卷成绩登记!C5 -> 闫鸣珊 | E4: =[1]试卷成绩登记!R5 -> 10 | F4: =[1]试卷成绩登记!S5 -> 20 | G4: =[1]试卷成绩登记!T5 -> 30 | H4: =[1]试卷成绩登记!K5 -> 74 | I4: =INT(E4+G4+F4+H4*0.4) -> 89
A5: =[1]试卷成绩登记!A6 -> 4 | B5: =[1]试卷成绩登记!E6 -> 会241 | C5: =[1]试卷成绩登记!B6 -> 2024311442 | D5: =[1]试卷成绩登记!C6 -> 王思媛 | E5: =[1]试卷成绩登记!R6 -> 10 | F5: =[1]试卷成绩登记!S6 -> 15 | G5: =[1]试卷成绩登记!T6 -> 22 | H5: =[1]试卷成绩登记!K6 -> 44 | I5: =INT(E5+G5+F5+H5*0.4) -> 64
A6: =[1]试卷成绩登记!A7 -> 5 | B6: =[1]试卷成绩登记!E7 -> 会241 | C6: =[1]试卷成绩登记!B7 -> 2024311444 | D6: =[1]试卷成绩登记!C7 -> 沙佑安 | E6: =[1]试卷成绩登记!R7 -> 10 | F6: =[1]试卷成绩登记!S7 -> 18 | G6: =[1]试卷成绩登记!T7 -> 28 | H6: =[1]试卷成绩登记!K7 -> 51 | I6: =INT(E6+G6+F6+H6*0.4) -> 76
A7: =[1]试卷成绩登记!A8 -> 6 | B7: =[1]试卷成绩登记!E8 -> 会241 | C7: =[1]试卷成绩登记!B8 -> 2024311445 | D7: =[1]试卷成绩登记!C8 -> 崔诗睿 | E7: =[1]试卷成绩登记!R8 -> 9 | F7: =[1]试卷成绩登记!S8 -> 18 | G7: =[1]试卷成绩登记!T8 -> 27 | H7: =[1]试卷成绩登记!K8 -> 45 | I7: =INT(E7+G7+F7+H7*0.4) -> 72
A8: =[1]试卷成绩登记!A9 -> 7 | B8: =[1]试卷成绩登记!E9 -> 会241 | C8: =[1]试卷成绩登记!B9 -> 2024311446 | D8: =[1]试卷成绩登记!C9 -> 朱梓毓 | E8: =[1]试卷成绩登记!R9 -> 10 | F8: =[1]试卷成绩登记!S9 -> 18 | G8: =[1]试卷成绩登记!T9 -> 26 | H8: =[1]试卷成绩登记!K9 -> 51 | I8: =INT(E8+G8+F8+H8*0.4) -> 74
A9: =[1]试卷成绩登记!A10 -> 8 | B9: =[1]试卷成绩登记!E10 -> 会241 | C9: =[1]试卷成绩登记!B10 -> 2024311447 | D9: =[1]试卷成绩登记!C10 -> 王玉姗姗 | E9: =[1]试卷成绩登记!R10 -> 10 | F9: =[1]试卷成绩登记!S10 -> 19 | G9: =[1]试卷成绩登记!T10 -> 28 | H9: =[1]试卷成绩登记!K10 -> 53 | I9: =INT(E9+G9+F9+H9*0.4) -> 78
A10: =[1]试卷成绩登记!A11 -> 9 | B10: =[1]试卷成绩登记!E11 -> 会241 | C10: =[1]试卷成绩登记!B11 -> 2024311448 | D10: =[1]试卷成绩登记!C11 -> 窦爽朗 | E10: =[1]试卷成绩登记!R11 -> 10 | F10: =[1]试卷成绩登记!S11 -> 16 | G10: =[1]试卷成绩登记!T11 -> 21 | H10: =[1]试卷成绩登记!K11 -> 38 | I10: =INT(E10+G10+F10+H10*0.4) -> 62
A11: =[1]试卷成绩登记!A12 -> 10 | B11: =[1]试卷成绩登记!E12 -> 会241 | C11: =[1]试卷成绩登记!B12 -> 2024311451 | D11: =[1]试卷成绩登记!C12 -> 李鹤 | E11: =[1]试卷成绩登记!R12 -> 10 | F11: =[1]试卷成绩登记!S12 -> 15 | G11: =[1]试卷成绩登记!T12 -> 22 | H11: =[1]试卷成绩登记!K12 -> 39 | I11: =INT(E11+G11+F11+H11*0.4) -> 62
A12: =[1]试卷成绩登记!A13 -> 11 | B12: =[1]试卷成绩登记!E13 -> 会241 | C12: =[1]试卷成绩登记!B13 -> 2024311452 | D12: =[1]试卷成绩登记!C13 -> 李欣蕾 | E12: =[1]试卷成绩登记!R13 -> 10 | F12: =[1]试卷成绩登记!S13 -> 20 | G12: =[1]试卷成绩登记!T13 -> 29 | H12: =[1]试卷成绩登记!K13 -> 60 | I12: =INT(E12+G12+F12+H12*0.4) -> 83
A13: =[1]试卷成绩登记!A14 -> 12 | B13: =[1]试卷成绩登记!E14 -> 会241 | C13: =[1]试卷成绩登记!B14 -> 2024311453 | D13: =[1]试卷成绩登记!C14 -> 张骏菲 | E13: =[1]试卷成绩登记!R14 -> 10 | F13: =[1]试卷成绩登记!S14 -> 18 | G13: =[1]试卷成绩登记!T14 -> 27 | H13: =[1]试卷成绩登记!K14 -> 66 | I13: =INT(E13+G13+F13+H13*0.4) -> 81
... A39: =[1]试卷成绩登记!A40 -> 38 | B39: =[1]试卷成绩登记!E40 -> 会242 | C39: =[1]试卷成绩登记!B40 -> 2024311473 | D39: =[1]试卷成绩登记!C40 -> 张事成 | E39: =[1]试卷成绩登记!R40 -> 10 | F39: =[1]试卷成绩登记!S40 -> 16 | G39: =[1]试卷成绩登记!T40 -> 22 | H39: =[1]试卷成绩登记!K40 -> 36 | I39: =INT(E39+G39+F39+H39*0.4) -> 62
A40: =[1]试卷成绩登记!A41 -> 39 | B40: =[1]试卷成绩登记!E42 -> 会242 | C40: =[1]试卷成绩登记!B42 -> 2024311475 | D40: =[1]试卷成绩登记!C42 -> 王鑫琦 | E40: =[1]试卷成绩登记!R42 -> 9 | F40: =[1]试卷成绩登记!S42 -> 18 | G40: =[1]试卷成绩登记!T42 -> 25 | H40: =[1]试卷成绩登记!K42 -> 51 | I40: =INT(E40+G40+F40+H40*0.4) -> 72
A41: =[1]试卷成绩登记!A42 -> 40 | B41: =[1]试卷成绩登记!E43 -> 会242 | C41: =[1]试卷成绩登记!B43 -> 2024311476 | D41: =[1]试卷成绩登记!C43 -> 张仪诺 | E41: =[1]试卷成绩登记!R43 -> 10 | F41: =[1]试卷成绩登记!S43 -> 20 | G41: =[1]试卷成绩登记!T43 -> 29 | H41: =[1]试卷成绩登记!K43 -> 53 | I41: =INT(E41+G41+F41+H41*0.4) -> 80
A42: =[1]试卷成绩登记!A43 -> 41 | B42: =[1]试卷成绩登记!E44 -> 会242 | C42: =[1]试卷成绩登记!B44 -> 2024311477 | D42: =[1]试卷成绩登记!C44 -> 陈鑫怡 | E42: =[1]试卷成绩登记!R44 -> 10 | F42: =[1]试卷成绩登记!S44 -> 20 | G42: =[1]试卷成绩登记!T44 -> 30 | H42: =[1]试卷成绩登记!K44 -> 77 | I42: =INT(E42+G42+F42+H42*0.4) -> 90
A43: =[1]试卷成绩登记!A44 -> 42 | B43: =[1]试卷成绩登记!E45 -> 会242 | C43: =[1]试卷成绩登记!B45 -> 2024311478 | D43: =[1]试卷成绩登记!C45 -> 张金玉 | E43: =[1]试卷成绩登记!R45 -> 10 | F43: =[1]试卷成绩登记!S45 -> 20 | G43: =[1]试卷成绩登记!T45 -> 30 | H43: =[1]试卷成绩登记!K45 -> 83 | I43: =INT(E43+G43+F43+H43*0.4) -> 93
A44: =[1]试卷成绩登记!A45 -> 43 | B44: =[1]试卷成绩登记!E46 -> 会242 | C44: =[1]试卷成绩登记!B46 -> 2024311479 | D44: =[1]试卷成绩登记!C46 -> 董心怡 | E44: =[1]试卷成绩登记!R46 -> 10 | F44: =[1]试卷成绩登记!S46 -> 20 | G44: =[1]试卷成绩登记!T46 -> 30 | H44: =[1]试卷成绩登记!K46 -> 71 | I44: =INT(E44+G44+F44+H44*0.4) -> 88
A45: =[1]试卷成绩登记!A46 -> 44 | B45: =[1]试卷成绩登记!E47 -> 会242 | C45: =[1]试卷成绩登记!B47 -> 2024311480 | D45: =[1]试卷成绩登记!C47 -> 柯润杰 | E45: =[1]试卷成绩登记!R47 -> 10 | F45: =[1]试卷成绩登记!S47 -> 15 | G45: =[1]试卷成绩登记!T47 -> 20 | H45: =[1]试卷成绩登记!K47 -> 41 | I45: =INT(E45+G45+F45+H45*0.4) -> 61
A46: =[1]试卷成绩登记!A47 -> 45 | B46: =[1]试卷成绩登记!E48 -> 会242 | C46: =[1]试卷成绩登记!B48 -> 2024311481 | D46: =[1]试卷成绩登记!C48 -> 赫敬宜 | E46: =[1]试卷成绩登记!R48 -> 10 | F46: =[1]试卷成绩登记!S48 -> 20 | G46: =[1]试卷成绩登记!T48 -> 30 | H46: =[1]试卷成绩登记!K48 -> 79 | I46: =INT(E46+G46+F46+H46*0.4) -> 91
A47: =[1]试卷成绩登记!A48 -> 46 | B47: =[1]试卷成绩登记!E49 -> 会242 | C47: =[1]试卷成绩登记!B49 -> 2024311482 | D47: =[1]试卷成绩登记!C49 -> 胡欣蕊 | E47: =[1]试卷成绩登记!R49 -> 10 | F47: =[1]试卷成绩登记!S49 -> 17 | G47: =[1]试卷成绩登记!T49 -> 24 | H47: =[1]试卷成绩登记!K49 -> 50 | I47: =INT(E47+G47+F47+H47*0.4) -> 71
A48: =[1]试卷成绩登记!A49 -> 47 | B48: =[1]试卷成绩登记!E50 -> 会242 | C48: =[1]试卷成绩登记!B50 -> 2024311483 | D48: =[1]试卷成绩登记!C50 -> 李炳坤 | E48: =[1]试卷成绩登记!R50 -> 10 | F48: =[1]试卷成绩登记!S50 -> 19 | G48: =[1]试卷成绩登记!T50 -> 27 | H48: =[1]试卷成绩登记!K50 -> 42 | I48: =INT(E48+G48+F48+H48*0.4) -> 72
A49: =[1]试卷成绩登记!A50 -> 48 | B49: =[1]试卷成绩登记!E51 -> 会242 | C49: =[1]试卷成绩登记!B51 -> 2024311485 | D49: =[1]试卷成绩登记!C51 -> 王露瑶 | E49: =[1]试卷成绩登记!R51 -> 10 | F49: =[1]试卷成绩登记!S51 -> 11 | G49: =[1]试卷成绩登记!T51 -> 10 | H49: =[1]试卷成绩登记!K51 -> 28 | I49: =INT(E49+G49+F49+H49*0.4) -> 42
A50: =[1]试卷成绩登记!A51 -> 49 | B50: =[1]试卷成绩登记!E52 -> 会242 | C50: =[1]试卷成绩登记!B52 -> 2024311486 | D50: =[1]试卷成绩登记!C52 -> 彭心怡 | E50: =[1]试卷成绩登记!R52 -> 10 | F50: =[1]试卷成绩登记!S52 -> 20 | G50: =[1]试卷成绩登记!T52 -> 30 | H50: =[1]试卷成绩登记!K52 -> 87 | I50: =INT(E50+G50+F50+H50*0.4) -> 94
A51: =[1]试卷成绩登记!A52 -> 50 | B51: =[1]试卷成绩登记!E53 -> 会242 | C51: =[1]试卷成绩登记!B53 -> 2024311487 | D51: =[1]试卷成绩登记!C53 -> 王子锋 | E51: =[1]试卷成绩登记!R53 -> 10 | F51: =[1]试卷成绩登记!S53 -> 20 | G51: =[1]试卷成绩登记!T53 -> 30 | H51: =[1]试卷成绩登记!K53 -> 58 | I51: =INT(E51+G51+F51+H51*0.4) -> 83
... A112: =[1]试卷成绩登记!A113 -> 111 | B112: =[1]试卷成绩登记!E114 -> 会251 | C112: =[1]试卷成绩登记!B114 -> 2025312280 | D112: =[1]试卷成绩登记!C114 -> 张雨婷 | E112: =[1]试卷成绩登记!R114 -> 9 | F112: =[1]试卷成绩登记!S114 -> 20 | G112: =[1]试卷成绩登记!T114 -> 30 | H112: =[1]试卷成绩登记!K114 -> 56 | I112: =INT(E112+G112+F112+H112*0.4) -> 81
